project_id,organization_id,project_slug,repo_provider,repo_name,default_branch,created_at
project_00001,org_0020,gh/acme-engineering-020/repo-001,bitbucket,repo-001,main,2026-07-07 11:45:09+00:00
project_00002,org_0014,gh/acme-engineering-014/repo-002,bitbucket,repo-002,master,2026-02-03 08:13:29+00:00
project_00003,org_0015,gh/acme-engineering-015/repo-003,github,repo-003,master,2026-05-02 03:01:43+00:00
project_00004,org_0044,gh/acme-engineering-044/repo-004,gitlab,repo-004,main,2026-07-22 09:08:32+00:00
project_00005,org_0062,gh/acme-engineering-062/repo-005,bitbucket,repo-005,master,2026-02-07 21:54:45+00:00
project_00006,org_0057,gh/acme-engineering-057/repo-006,gitlab,repo-006,master,2026-01-27 02:06:36+00:00
project_00007,org_0039,gh/acme-engineering-039/repo-007,github,repo-007,develop,2026-02-14 16:40:20+00:00
project_00008,org_0003,gh/acme-engineering-003/repo-008,bitbucket,repo-008,develop,2026-02-12 11:20:02+00:00
project_00009,org_0087,gh/acme-engineering-087/repo-009,github,repo-009,develop,2026-04-05 17:26:00+00:00
project_00010,org_0067,gh/acme-engineering-067/repo-010,github,repo-010,develop,2026-03-04 04:34:22+00:00
project_00011,org_0043,gh/acme-engineering-043/repo-011,gitlab,repo-011,master,2026-04-01 01:03:01+00:00
project_00012,org_0052,gh/acme-engineering-052/repo-012,github,repo-012,main,2026-06-17 19:47:06+00:00
project_00013,org_0051,gh/acme-engineering-051/repo-013,github,repo-013,develop,2026-08-27 11:53:29+00:00
project_00014,org_0026,gh/acme-engineering-026/repo-014,gitlab,repo-014,develop,2026-06-16 19:43:21+00:00
project_00015,org_0050,gh/acme-engineering-050/repo-015,github,repo-015,develop,2026-03-25 10:02:41+00:00
project_00016,org_0027,gh/acme-engineering-027/repo-016,bitbucket,repo-016,develop,2026-01-25 07:08:11+00:00
project_00017,org_0074,gh/acme-engineering-074/repo-017,github,repo-017,develop,2026-03-14 14:35:31+00:00
project_00018,org_0047,gh/acme-engineering-047/repo-018,bitbucket,repo-018,main,2026-06-27 16:40:44+00:00
project_00019,org_0015,gh/acme-engineering-015/repo-019,bitbucket,repo-019,develop,2026-07-10 02:19:16+00:00
project_00020,org_0068,gh/acme-engineering-068/repo-020,bitbucket,repo-020,develop,2026-05-31 22:22:49+00:00
project_00021,org_0079,gh/acme-engineering-079/repo-021,gitlab,repo-021,develop,2026-02-14 08:43:12+00:00
project_00022,org_0045,gh/acme-engineering-045/repo-022,bitbucket,repo-022,master,2026-08-28 18:14:14+00:00
project_00023,org_0023,gh/acme-engineering-023/repo-023,bitbucket,repo-023,develop,2026-08-18 04:46:04+00:00
project_00024,org_0011,gh/acme-engineering-011/repo-024,github,repo-024,master,2026-02-15 18:33:00+00:00
project_00025,org_0031,gh/acme-engineering-031/repo-025,bitbucket,repo-025,main,2026-03-13 02:05:54+00:00
project_00026,org_0048,gh/acme-engineering-048/repo-026,github,repo-026,develop,2026-05-31 20:44:24+00:00
project_00027,org_0054,gh/acme-engineering-054/repo-027,github,repo-027,develop,2026-05-30 00:26:09+00:00
project_00028,org_0055,gh/acme-engineering-055/repo-028,github,repo-028,master,2026-07-28 16:44:16+00:00
project_00029,org_0089,gh/acme-engineering-089/repo-029,github,repo-029,develop,2026-03-06 19:17:57+00:00
project_00030,org_0063,gh/acme-engineering-063/repo-030,bitbucket,repo-030,main,2026-03-14 15:53:06+00:00
project_00031,org_0041,gh/acme-engineering-041/repo-031,gitlab,repo-031,develop,2026-01-21 19:41:35+00:00
project_00032,org_0046,gh/acme-engineering-046/repo-032,github,repo-032,master,2026-02-23 00:35:44+00:00
project_00033,org_0025,gh/acme-engineering-025/repo-033,gitlab,repo-033,develop,2026-07-16 07:01:25+00:00
project_00034,org_0084,gh/acme-engineering-084/repo-034,gitlab,repo-034,master,2026-07-10 23:13:02+00:00
project_00035,org_0054,gh/acme-engineering-054/repo-035,gitlab,repo-035,master,2026-03-06 22:54:55+00:00
project_00036,org_0011,gh/acme-engineering-011/repo-036,github,repo-036,main,2026-04-24 10:28:31+00:00
project_00037,org_0005,gh/acme-engineering-005/repo-037,bitbucket,repo-037,main,2026-07-28 18:52:31+00:00
project_00038,org_0037,gh/acme-engineering-037/repo-038,github,repo-038,master,2026-08-08 16:14:39+00:00
project_00039,org_0096,gh/acme-engineering-096/repo-039,gitlab,repo-039,develop,2026-07-18 09:03:24+00:00
project_00040,org_0015,gh/acme-engineering-015/repo-040,github,repo-040,master,2026-07-30 22:06:59+00:00
project_00041,org_0047,gh/acme-engineering-047/repo-041,github,repo-041,develop,2026-06-21 09:50:04+00:00
project_00042,org_0070,gh/acme-engineering-070/repo-042,github,repo-042,master,2026-02-09 18:35:25+00:00
project_00043,org_0095,gh/acme-engineering-095/repo-043,github,repo-043,master,2026-01-13 12:24:32+00:00
project_00044,org_0058,gh/acme-engineering-058/repo-044,bitbucket,repo-044,master,2026-02-03 18:44:25+00:00
project_00045,org_0057,gh/acme-engineering-057/repo-045,github,repo-045,main,2026-03-23 12:12:22+00:00
project_00046,org_0095,gh/acme-engineering-095/repo-046,bitbucket,repo-046,develop,2026-08-26 00:03:08+00:00
project_00047,org_0081,gh/acme-engineering-081/repo-047,gitlab,repo-047,main,2026-08-28 06:56:43+00:00
project_00048,org_0018,gh/acme-engineering-018/repo-048,github,repo-048,main,2026-01-24 01:15:18+00:00
project_00049,org_0073,gh/acme-engineering-073/repo-049,bitbucket,repo-049,develop,2026-04-20 03:54:08+00:00
project_00050,org_0077,gh/acme-engineering-077/repo-050,github,repo-050,master,2026-04-24 15:33:11+00:00
project_00051,org_0038,gh/acme-engineering-038/repo-051,bitbucket,repo-051,develop,2026-02-06 23:33:46+00:00
project_00052,org_0018,gh/acme-engineering-018/repo-052,gitlab,repo-052,main,2026-04-18 16:50:33+00:00
project_00053,org_0084,gh/acme-engineering-084/repo-053,github,repo-053,develop,2026-02-21 12:46:06+00:00
project_00054,org_0032,gh/acme-engineering-032/repo-054,github,repo-054,develop,2026-05-06 02:09:32+00:00
project_00055,org_0032,gh/acme-engineering-032/repo-055,gitlab,repo-055,master,2026-02-25 05:08:08+00:00
project_00056,org_0074,gh/acme-engineering-074/repo-056,bitbucket,repo-056,develop,2026-06-10 20:51:27+00:00
project_00057,org_0049,gh/acme-engineering-049/repo-057,gitlab,repo-057,main,2026-02-06 03:42:22+00:00
project_00058,org_0052,gh/acme-engineering-052/repo-058,bitbucket,repo-058,develop,2026-05-24 07:59:33+00:00
project_00059,org_0059,gh/acme-engineering-059/repo-059,gitlab,repo-059,master,2026-08-15 00:13:07+00:00
project_00060,org_0001,gh/acme-engineering-001/repo-060,github,repo-060,develop,2026-06-28 01:03:24+00:00
project_00061,org_0082,gh/acme-engineering-082/repo-061,bitbucket,repo-061,main,2026-07-27 13:11:49+00:00
project_00062,org_0051,gh/acme-engineering-051/repo-062,github,repo-062,master,2026-03-24 06:35:55+00:00
project_00063,org_0064,gh/acme-engineering-064/repo-063,bitbucket,repo-063,master,2026-04-21 03:16:44+00:00
project_00064,org_0044,gh/acme-engineering-044/repo-064,github,repo-064,develop,2026-07-08 11:40:37+00:00
project_00065,org_0044,gh/acme-engineering-044/repo-065,github,repo-065,main,2026-02-08 16:06:13+00:00
project_00066,org_0081,gh/acme-engineering-081/repo-066,gitlab,repo-066,main,2026-02-18 05:58:27+00:00
project_00067,org_0021,gh/acme-engineering-021/repo-067,gitlab,repo-067,master,2026-01-01 06:18:00+00:00
project_00068,org_0055,gh/acme-engineering-055/repo-068,github,repo-068,develop,2026-02-21 05:31:08+00:00
project_00069,org_0084,gh/acme-engineering-084/repo-069,bitbucket,repo-069,main,2026-04-17 10:02:47+00:00
project_00070,org_0012,gh/acme-engineering-012/repo-070,bitbucket,repo-070,master,2026-02-02 00:12:54+00:00
project_00071,org_0048,gh/acme-engineering-048/repo-071,github,repo-071,main,2026-06-03 22:10:16+00:00
project_00072,org_0081,gh/acme-engineering-081/repo-072,bitbucket,repo-072,develop,2026-04-01 22:22:43+00:00
project_00073,org_0055,gh/acme-engineering-055/repo-073,github,repo-073,develop,2026-02-06 23:10:34+00:00
project_00074,org_0001,gh/acme-engineering-001/repo-074,github,repo-074,master,2026-01-31 06:26:29+00:00
project_00075,org_0017,gh/acme-engineering-017/repo-075,github,repo-075,develop,2026-06-22 20:19:26+00:00
project_00076,org_0002,gh/acme-engineering-002/repo-076,github,repo-076,develop,2026-05-14 10:20:35+00:00
project_00077,org_0016,gh/acme-engineering-016/repo-077,gitlab,repo-077,develop,2026-02-21 07:57:42+00:00
project_00078,org_0062,gh/acme-engineering-062/repo-078,github,repo-078,main,2026-05-29 18:28:13+00:00
project_00079,org_0012,gh/acme-engineering-012/repo-079,github,repo-079,main,2026-05-02 16:38:50+00:00
project_00080,org_0048,gh/acme-engineering-048/repo-080,bitbucket,repo-080,main,2026-05-29 15:13:07+00:00
project_00081,org_0100,gh/acme-engineering-100/repo-081,github,repo-081,develop,2026-02-25 11:29:13+00:00
project_00082,org_0009,gh/acme-engineering-009/repo-082,github,repo-082,develop,2026-03-05 17:40:37+00:00
project_00083,org_0057,gh/acme-engineering-057/repo-083,bitbucket,repo-083,develop,2026-03-24 17:49:14+00:00
project_00084,org_0081,gh/acme-engineering-081/repo-084,github,repo-084,master,2026-08-28 06:14:40+00:00
project_00085,org_0088,gh/acme-engineering-088/repo-085,gitlab,repo-085,main,2026-02-03 15:59:27+00:00
project_00086,org_0013,gh/acme-engineering-013/repo-086,github,repo-086,main,2026-08-17 23:13:37+00:00
project_00087,org_0094,gh/acme-engineering-094/repo-087,gitlab,repo-087,master,2026-06-16 18:11:35+00:00
project_00088,org_0041,gh/acme-engineering-041/repo-088,github,repo-088,main,2026-04-18 13:31:32+00:00
project_00089,org_0083,gh/acme-engineering-083/repo-089,github,repo-089,main,2026-08-03 22:01:49+00:00
project_00090,org_0077,gh/acme-engineering-077/repo-090,bitbucket,repo-090,develop,2026-01-11 10:01:17+00:00
project_00091,org_0085,gh/acme-engineering-085/repo-091,bitbucket,repo-091,main,2026-07-21 01:46:17+00:00
project_00092,org_0078,gh/acme-engineering-078/repo-092,github,repo-092,develop,2026-06-02 03:23:02+00:00
project_00093,org_0038,gh/acme-engineering-038/repo-093,github,repo-093,main,2026-07-12 04:41:16+00:00
project_00094,org_0050,gh/acme-engineering-050/repo-094,github,repo-094,main,2026-07-14 00:26:48+00:00
project_00095,org_0082,gh/acme-engineering-082/repo-095,github,repo-095,develop,2026-01-05 16:28:21+00:00
project_00096,org_0047,gh/acme-engineering-047/repo-096,bitbucket,repo-096,main,2026-05-31 05:35:37+00:00
project_00097,org_0073,gh/acme-engineering-073/repo-097,gitlab,repo-097,master,2026-08-01 04:24:32+00:00
project_00098,org_0088,gh/acme-engineering-088/repo-098,github,repo-098,master,2026-01-29 08:19:59+00:00
project_00099,org_0003,gh/acme-engineering-003/repo-099,github,repo-099,main,2026-04-12 19:44:38+00:00
project_00100,org_0028,gh/acme-engineering-028/repo-100,github,repo-100,main,2026-06-04 13:23:45+00:00
project_00101,org_0065,gh/acme-engineering-065/repo-101,bitbucket,repo-101,develop,2026-07-14 14:06:53+00:00
project_00102,org_0099,gh/acme-engineering-099/repo-102,gitlab,repo-102,master,2026-06-06 05:29:50+00:00
project_00103,org_0011,gh/acme-engineering-011/repo-103,github,repo-103,master,2026-02-02 11:10:52+00:00
project_00104,org_0040,gh/acme-engineering-040/repo-104,github,repo-104,develop,2026-03-20 21:56:16+00:00
project_00105,org_0020,gh/acme-engineering-020/repo-105,bitbucket,repo-105,master,2026-08-16 17:59:25+00:00
project_00106,org_0082,gh/acme-engineering-082/repo-106,github,repo-106,master,2026-06-19 21:39:55+00:00
project_00107,org_0094,gh/acme-engineering-094/repo-107,github,repo-107,main,2026-04-05 22:42:59+00:00
project_00108,org_0012,gh/acme-engineering-012/repo-108,gitlab,repo-108,main,2026-06-26 01:43:54+00:00
project_00109,org_0079,gh/acme-engineering-079/repo-109,github,repo-109,master,2026-03-10 05:08:18+00:00
project_00110,org_0016,gh/acme-engineering-016/repo-110,github,repo-110,develop,2026-02-23 06:54:23+00:00
project_00111,org_0090,gh/acme-engineering-090/repo-111,github,repo-111,main,2026-07-12 18:54:13+00:00
project_00112,org_0045,gh/acme-engineering-045/repo-112,bitbucket,repo-112,main,2026-05-25 10:04:27+00:00
project_00113,org_0017,gh/acme-engineering-017/repo-113,bitbucket,repo-113,develop,2026-02-15 20:22:06+00:00
project_00114,org_0099,gh/acme-engineering-099/repo-114,github,repo-114,master,2026-06-16 17:35:42+00:00
project_00115,org_0035,gh/acme-engineering-035/repo-115,github,repo-115,master,2026-08-12 22:46:59+00:00
project_00116,org_0081,gh/acme-engineering-081/repo-116,github,repo-116,master,2026-06-26 18:45:02+00:00
project_00117,org_0066,gh/acme-engineering-066/repo-117,bitbucket,repo-117,main,2026-07-14 00:42:09+00:00
project_00118,org_0073,gh/acme-engineering-073/repo-118,github,repo-118,master,2026-03-03 02:14:07+00:00
project_00119,org_0033,gh/acme-engineering-033/repo-119,github,repo-119,develop,2026-02-14 18:59:13+00:00
project_00120,org_0030,gh/acme-engineering-030/repo-120,github,repo-120,main,2026-01-05 18:31:59+00:00
project_00121,org_0032,gh/acme-engineering-032/repo-121,github,repo-121,master,2026-05-22 08:30:24+00:00
project_00122,org_0050,gh/acme-engineering-050/repo-122,github,repo-122,main,2026-01-14 17:36:44+00:00
project_00123,org_0071,gh/acme-engineering-071/repo-123,gitlab,repo-123,main,2026-05-05 23:24:43+00:00
project_00124,org_0032,gh/acme-engineering-032/repo-124,gitlab,repo-124,develop,2026-05-05 06:00:41+00:00
project_00125,org_0035,gh/acme-engineering-035/repo-125,github,repo-125,develop,2026-05-25 18:49:26+00:00
project_00126,org_0016,gh/acme-engineering-016/repo-126,github,repo-126,main,2026-03-28 16:14:07+00:00
project_00127,org_0067,gh/acme-engineering-067/repo-127,github,repo-127,master,2026-01-27 18:26:27+00:00
project_00128,org_0060,gh/acme-engineering-060/repo-128,bitbucket,repo-128,master,2026-05-08 02:39:56+00:00
project_00129,org_0012,gh/acme-engineering-012/repo-129,gitlab,repo-129,main,2026-05-24 06:34:39+00:00
project_00130,org_0026,gh/acme-engineering-026/repo-130,bitbucket,repo-130,develop,2026-04-29 00:38:24+00:00
project_00131,org_0095,gh/acme-engineering-095/repo-131,github,repo-131,master,2026-05-24 00:33:32+00:00
project_00132,org_0076,gh/acme-engineering-076/repo-132,gitlab,repo-132,main,2026-08-01 06:18:04+00:00
project_00133,org_0098,gh/acme-engineering-098/repo-133,github,repo-133,main,2026-01-03 11:26:46+00:00
project_00134,org_0053,gh/acme-engineering-053/repo-134,github,repo-134,main,2026-07-30 07:34:01+00:00
project_00135,org_0045,gh/acme-engineering-045/repo-135,github,repo-135,master,2026-01-01 13:37:37+00:00
project_00136,org_0098,gh/acme-engineering-098/repo-136,gitlab,repo-136,develop,2026-04-30 10:12:24+00:00
project_00137,org_0014,gh/acme-engineering-014/repo-137,github,repo-137,develop,2026-04-03 11:52:58+00:00
project_00138,org_0054,gh/acme-engineering-054/repo-138,gitlab,repo-138,main,2026-02-25 07:01:01+00:00
project_00139,org_0092,gh/acme-engineering-092/repo-139,bitbucket,repo-139,main,2026-01-18 01:10:48+00:00
project_00140,org_0030,gh/acme-engineering-030/repo-140,gitlab,repo-140,develop,2026-05-25 15:52:36+00:00
project_00141,org_0059,gh/acme-engineering-059/repo-141,github,repo-141,develop,2026-02-07 02:50:32+00:00
project_00142,org_0065,gh/acme-engineering-065/repo-142,github,repo-142,develop,2026-06-03 03:37:13+00:00
project_00143,org_0010,gh/acme-engineering-010/repo-143,github,repo-143,master,2026-02-20 18:17:22+00:00
project_00144,org_0031,gh/acme-engineering-031/repo-144,bitbucket,repo-144,master,2026-05-03 08:05:45+00:00
project_00145,org_0051,gh/acme-engineering-051/repo-145,bitbucket,repo-145,master,2026-06-25 20:00:32+00:00
project_00146,org_0035,gh/acme-engineering-035/repo-146,github,repo-146,main,2026-03-20 17:25:07+00:00
project_00147,org_0018,gh/acme-engineering-018/repo-147,github,repo-147,main,2026-02-11 00:48:05+00:00
project_00148,org_0022,gh/acme-engineering-022/repo-148,gitlab,repo-148,master,2026-05-02 23:00:08+00:00
project_00149,org_0053,gh/acme-engineering-053/repo-149,github,repo-149,develop,2026-05-20 03:28:51+00:00
project_00150,org_0099,gh/acme-engineering-099/repo-150,github,repo-150,master,2026-04-30 17:38:10+00:00
project_00151,org_0060,gh/acme-engineering-060/repo-151,bitbucket,repo-151,main,2026-02-05 02:47:01+00:00
project_00152,org_0021,gh/acme-engineering-021/repo-152,bitbucket,repo-152,develop,2026-08-23 07:11:12+00:00
project_00153,org_0006,gh/acme-engineering-006/repo-153,github,repo-153,master,2026-02-27 14:28:40+00:00
project_00154,org_0012,gh/acme-engineering-012/repo-154,github,repo-154,master,2026-06-03 21:15:57+00:00
project_00155,org_0066,gh/acme-engineering-066/repo-155,github,repo-155,develop,2026-04-27 01:23:50+00:00
project_00156,org_0034,gh/acme-engineering-034/repo-156,github,repo-156,main,2026-06-07 01:12:31+00:00
project_00157,org_0058,gh/acme-engineering-058/repo-157,github,repo-157,main,2026-06-29 10:33:18+00:00
project_00158,org_0014,gh/acme-engineering-014/repo-158,github,repo-158,main,2026-01-05 15:26:47+00:00
project_00159,org_0008,gh/acme-engineering-008/repo-159,github,repo-159,main,2026-03-18 22:44:01+00:00
project_00160,org_0052,gh/acme-engineering-052/repo-160,bitbucket,repo-160,develop,2026-02-02 15:18:15+00:00
project_00161,org_0075,gh/acme-engineering-075/repo-161,bitbucket,repo-161,main,2026-01-09 11:11:32+00:00
project_00162,org_0009,gh/acme-engineering-009/repo-162,github,repo-162,develop,2026-06-22 05:04:46+00:00
project_00163,org_0017,gh/acme-engineering-017/repo-163,github,repo-163,master,2026-02-17 14:02:26+00:00
project_00164,org_0006,gh/acme-engineering-006/repo-164,gitlab,repo-164,main,2026-03-07 05:46:22+00:00
project_00165,org_0074,gh/acme-engineering-074/repo-165,gitlab,repo-165,develop,2026-06-03 09:39:16+00:00
project_00166,org_0064,gh/acme-engineering-064/repo-166,github,repo-166,master,2026-06-15 16:47:48+00:00
project_00167,org_0023,gh/acme-engineering-023/repo-167,bitbucket,repo-167,main,2026-03-14 16:22:29+00:00
project_00168,org_0036,gh/acme-engineering-036/repo-168,bitbucket,repo-168,master,2026-02-27 17:20:42+00:00
project_00169,org_0005,gh/acme-engineering-005/repo-169,github,repo-169,develop,2026-04-25 14:34:46+00:00
project_00170,org_0064,gh/acme-engineering-064/repo-170,gitlab,repo-170,develop,2026-07-06 00:53:30+00:00
project_00171,org_0008,gh/acme-engineering-008/repo-171,github,repo-171,master,2026-05-29 17:57:40+00:00
project_00172,org_0018,gh/acme-engineering-018/repo-172,gitlab,repo-172,main,2026-07-24 04:56:32+00:00
project_00173,org_0032,gh/acme-engineering-032/repo-173,github,repo-173,master,2026-05-20 11:10:02+00:00
project_00174,org_0062,gh/acme-engineering-062/repo-174,gitlab,repo-174,master,2026-08-08 16:15:01+00:00
project_00175,org_0065,gh/acme-engineering-065/repo-175,bitbucket,repo-175,master,2026-04-16 00:38:35+00:00
project_00176,org_0024,gh/acme-engineering-024/repo-176,github,repo-176,master,2026-08-20 21:31:40+00:00
project_00177,org_0029,gh/acme-engineering-029/repo-177,github,repo-177,master,2026-01-23 18:06:35+00:00
project_00178,org_0061,gh/acme-engineering-061/repo-178,bitbucket,repo-178,develop,2026-04-01 09:30:00+00:00
project_00179,org_0021,gh/acme-engineering-021/repo-179,github,repo-179,main,2026-04-04 15:42:25+00:00
project_00180,org_0035,gh/acme-engineering-035/repo-180,github,repo-180,main,2026-08-12 13:50:21+00:00
project_00181,org_0050,gh/acme-engineering-050/repo-181,bitbucket,repo-181,main,2026-03-10 09:22:27+00:00
project_00182,org_0031,gh/acme-engineering-031/repo-182,bitbucket,repo-182,develop,2026-05-20 08:06:04+00:00
project_00183,org_0076,gh/acme-engineering-076/repo-183,github,repo-183,develop,2026-05-17 13:54:54+00:00
project_00184,org_0073,gh/acme-engineering-073/repo-184,github,repo-184,develop,2026-03-15 02:27:53+00:00
project_00185,org_0064,gh/acme-engineering-064/repo-185,bitbucket,repo-185,main,2026-07-10 11:11:55+00:00
project_00186,org_0005,gh/acme-engineering-005/repo-186,github,repo-186,main,2026-04-01 08:12:24+00:00
project_00187,org_0078,gh/acme-engineering-078/repo-187,github,repo-187,main,2026-07-24 10:51:20+00:00
project_00188,org_0062,gh/acme-engineering-062/repo-188,github,repo-188,master,2026-08-27 12:09:03+00:00
project_00189,org_0026,gh/acme-engineering-026/repo-189,github,repo-189,master,2026-03-10 22:02:45+00:00
project_00190,org_0042,gh/acme-engineering-042/repo-190,github,repo-190,main,2026-02-27 08:46:32+00:00
project_00191,org_0076,gh/acme-engineering-076/repo-191,github,repo-191,main,2026-07-24 09:25:25+00:00
project_00192,org_0047,gh/acme-engineering-047/repo-192,github,repo-192,master,2026-06-03 15:13:04+00:00
project_00193,org_0076,gh/acme-engineering-076/repo-193,github,repo-193,master,2026-04-28 04:39:18+00:00
project_00194,org_0042,gh/acme-engineering-042/repo-194,github,repo-194,main,2026-06-19 15:54:30+00:00
project_00195,org_0082,gh/acme-engineering-082/repo-195,gitlab,repo-195,develop,2026-05-04 05:17:44+00:00
project_00196,org_0023,gh/acme-engineering-023/repo-196,bitbucket,repo-196,main,2026-08-17 17:24:47+00:00
project_00197,org_0023,gh/acme-engineering-023/repo-197,gitlab,repo-197,master,2026-04-25 09:05:59+00:00
project_00198,org_0017,gh/acme-engineering-017/repo-198,github,repo-198,develop,2026-01-01 16:45:27+00:00
project_00199,org_0090,gh/acme-engineering-090/repo-199,gitlab,repo-199,develop,2026-01-13 13:49:44+00:00
project_00200,org_0024,gh/acme-engineering-024/repo-200,bitbucket,repo-200,develop,2026-03-27 18:53:34+00:00
