behavior,source,family,weight,in_org_score,in_user_score,description
signup,event,setup,0,false,false,"Creates an account. Setup step, counts nothing in v0."
connect_repository,event,setup,0,false,false,"Links the place the code lives, like GitHub. Setup step, counts nothing in v0."
create_project,event,setup,0,false,false,"Points the platform at one repo to build. Setup step, counts nothing in v0."
first_pipeline,event,setup,0,false,false,"The build runs for the first time. Setup step, counts nothing in v0."
run_workflow,event,usage,1,false,true,"A stage of the build runs. User level only: at org level, pipelines_run from CI replaces it."
run_test,event,usage,1,false,true,"The checks on the code run. User level only: at org level, pipelines_run from CI replaces it."
successful_pipeline,event,usage,1,false,true,"A whole run passes. User level only: at org level, pipelines_run from CI replaces it."
failed_pipeline,event,usage,1,false,true,"A run breaks: the product caught a bug. User level only: at org level, pipelines_run from CI replaces it."
view_docs,event,usage,1,true,true,"Reads the documentation. Weak usage signal: anyone can read docs."
invite_member,event,usage,3,true,true,"Brings a colleague into the organization: one person's experiment becoming a team's tool."
use_parallelism,event,usage,10,true,true,"Splits work across many machines at once. Costs real compute; only teams with big, slow test suites bother."
visit_pricing,event,buying,2,true,true,"Looks at what the plans cost. Interest in paying, weaker than a trial."
start_trial,event,buying,5,true,true,"Switches onto a paid plan for a trial period. Stronger than a pricing visit: they hand over details and use the paid plan."
pipelines_run,ci,usage,1,true,false,"One pipeline run in the CI records: the organization's real usage. CI records have no user_id, so org level only."