organization_id,organization_name,country,plan_type,created_at,is_active
org_0001,Acme Engineering 001,IR,free,2026-04-17 19:27:32+00:00,True
org_0002,Acme Engineering 002,GB,performance,2026-07-31 19:11:04+00:00,True
org_0003,Acme Engineering 003,SE,free,2026-02-06 09:18:10+00:00,True
org_0004,Acme Engineering 004,IN,performance,2026-08-06 23:10:59+00:00,True
org_0005,Acme Engineering 005,IR,performance,2026-06-12 22:12:29+00:00,True
org_0006,Acme Engineering 006,BR,free,2026-01-03 12:34:22+00:00,True
org_0007,Acme Engineering 007,GB,performance,2026-05-13 03:21:52+00:00,True
org_0008,Acme Engineering 008,DE,enterprise,2026-05-11 17:17:18+00:00,True
org_0009,Acme Engineering 009,SE,free,2026-05-14 13:53:58+00:00,True
org_0010,Acme Engineering 010,US,performance,2026-07-28 06:00:29+00:00,True
org_0011,Acme Engineering 011,SE,free,2026-04-24 20:37:10+00:00,True
org_0012,Acme Engineering 012,BR,scale,2026-05-21 10:40:57+00:00,True
org_0013,Acme Engineering 013,AM,free,2026-03-30 12:09:57+00:00,True
org_0014,Acme Engineering 014,CA,scale,2026-02-09 05:24:05+00:00,True
org_0015,Acme Engineering 015,AU,performance,2026-05-22 16:28:56+00:00,True
org_0016,Acme Engineering 016,NL,free,2026-04-14 16:24:49+00:00,True
org_0017,Acme Engineering 017,IR,performance,2026-08-25 13:30:44+00:00,True
org_0018,Acme Engineering 018,IN,performance,2026-03-05 11:01:17+00:00,True
org_0019,Acme Engineering 019,FR,enterprise,2026-08-05 07:08:52+00:00,True
org_0020,Acme Engineering 020,NL,scale,2026-01-22 17:22:46+00:00,True
org_0021,Acme Engineering 021,US,scale,2026-06-05 19:07:36+00:00,True
org_0022,Acme Engineering 022,DE,scale,2026-08-09 06:30:04+00:00,True
org_0023,Acme Engineering 023,NL,free,2026-07-13 21:10:21+00:00,True
org_0024,Acme Engineering 024,IR,performance,2026-04-13 20:51:43+00:00,True
org_0025,Acme Engineering 025,AM,performance,2026-04-13 00:55:45+00:00,True
org_0026,Acme Engineering 026,SE,scale,2026-06-05 02:40:57+00:00,True
org_0027,Acme Engineering 027,GB,performance,2026-02-05 07:20:13+00:00,True
org_0028,Acme Engineering 028,CA,free,2026-03-04 03:08:25+00:00,True
org_0029,Acme Engineering 029,SE,performance,2026-05-30 10:17:28+00:00,True
org_0030,Acme Engineering 030,AU,performance,2026-08-03 20:26:20+00:00,True
org_0031,Acme Engineering 031,US,performance,2026-02-14 11:41:58+00:00,True
org_0032,Acme Engineering 032,IN,scale,2026-05-13 02:39:54+00:00,True
org_0033,Acme Engineering 033,SE,free,2026-01-02 06:14:54+00:00,False
org_0034,Acme Engineering 034,AM,free,2026-07-14 09:48:02+00:00,True
org_0035,Acme Engineering 035,IN,scale,2026-08-31 20:13:12+00:00,True
org_0036,Acme Engineering 036,IR,performance,2026-03-19 05:59:09+00:00,True
org_0037,Acme Engineering 037,GB,performance,2026-07-25 23:15:16+00:00,True
org_0038,Acme Engineering 038,BR,free,2026-01-08 13:32:11+00:00,True
org_0039,Acme Engineering 039,NL,scale,2026-04-30 10:14:21+00:00,True
org_0040,Acme Engineering 040,DE,scale,2026-01-31 14:04:08+00:00,True
org_0041,Acme Engineering 041,AU,scale,2026-07-26 21:10:52+00:00,True
org_0042,Acme Engineering 042,GB,performance,2026-08-02 12:32:27+00:00,True
org_0043,Acme Engineering 043,IN,scale,2026-06-14 07:55:53+00:00,False
org_0044,Acme Engineering 044,IN,scale,2026-03-20 02:51:49+00:00,True
org_0045,Acme Engineering 045,SE,enterprise,2026-05-26 00:31:52+00:00,True
org_0046,Acme Engineering 046,IN,performance,2026-04-07 06:38:52+00:00,True
org_0047,Acme Engineering 047,NL,free,2026-08-04 02:55:22+00:00,True
org_0048,Acme Engineering 048,DE,free,2026-01-23 20:44:35+00:00,True
org_0049,Acme Engineering 049,US,scale,2026-01-28 12:26:18+00:00,True
org_0050,Acme Engineering 050,FR,performance,2026-03-25 04:49:54+00:00,True
org_0051,Acme Engineering 051,AM,enterprise,2026-08-10 18:30:26+00:00,True
org_0052,Acme Engineering 052,DE,scale,2026-06-08 02:04:25+00:00,True
org_0053,Acme Engineering 053,CA,performance,2026-05-18 14:17:33+00:00,True
org_0054,Acme Engineering 054,AU,scale,2026-01-22 00:54:43+00:00,True
org_0055,Acme Engineering 055,IR,free,2026-06-06 08:42:08+00:00,True
org_0056,Acme Engineering 056,CA,free,2026-03-15 20:52:31+00:00,True
org_0057,Acme Engineering 057,GB,free,2026-04-19 04:13:44+00:00,True
org_0058,Acme Engineering 058,CA,free,2026-08-02 17:24:13+00:00,True
org_0059,Acme Engineering 059,IR,enterprise,2026-01-06 17:33:11+00:00,False
org_0060,Acme Engineering 060,DE,free,2026-07-08 14:30:12+00:00,True
org_0061,Acme Engineering 061,SE,scale,2026-03-05 22:31:45+00:00,True
org_0062,Acme Engineering 062,SE,free,2026-06-26 16:59:07+00:00,True
org_0063,Acme Engineering 063,AM,enterprise,2026-08-04 20:08:10+00:00,True
org_0064,Acme Engineering 064,AU,free,2026-04-26 05:31:02+00:00,True
org_0065,Acme Engineering 065,US,performance,2026-07-30 13:37:32+00:00,True
org_0066,Acme Engineering 066,NL,free,2026-08-15 20:55:47+00:00,True
org_0067,Acme Engineering 067,IN,free,2026-07-17 05:18:16+00:00,True
org_0068,Acme Engineering 068,GB,free,2026-01-27 09:26:28+00:00,True
org_0069,Acme Engineering 069,DE,free,2026-08-10 05:45:34+00:00,True
org_0070,Acme Engineering 070,BR,free,2026-02-01 20:08:26+00:00,True
org_0071,Acme Engineering 071,BR,performance,2026-05-03 20:46:50+00:00,True
org_0072,Acme Engineering 072,DE,performance,2026-05-03 00:24:21+00:00,True
org_0073,Acme Engineering 073,SE,free,2026-04-27 12:10:31+00:00,True
org_0074,Acme Engineering 074,CA,free,2026-08-30 05:37:25+00:00,False
org_0075,Acme Engineering 075,CA,free,2026-03-24 18:44:31+00:00,True
org_0076,Acme Engineering 076,GB,enterprise,2026-01-27 17:10:53+00:00,True
org_0077,Acme Engineering 077,NL,free,2026-06-20 04:10:34+00:00,True
org_0078,Acme Engineering 078,AM,free,2026-07-25 10:05:04+00:00,True
org_0079,Acme Engineering 079,IN,free,2026-02-10 05:29:46+00:00,True
org_0080,Acme Engineering 080,GB,free,2026-02-11 13:38:51+00:00,True
org_0081,Acme Engineering 081,GB,free,2026-08-23 21:25:21+00:00,True
org_0082,Acme Engineering 082,NL,free,2026-04-13 12:30:29+00:00,True
org_0083,Acme Engineering 083,FR,scale,2026-01-20 17:28:48+00:00,True
org_0084,Acme Engineering 084,SE,scale,2026-01-18 02:55:06+00:00,True
org_0085,Acme Engineering 085,GB,performance,2026-04-12 17:36:00+00:00,True
org_0086,Acme Engineering 086,AU,performance,2026-06-16 02:19:51+00:00,True
org_0087,Acme Engineering 087,CA,free,2026-02-27 21:17:11+00:00,True
org_0088,Acme Engineering 088,NL,performance,2026-02-27 12:20:02+00:00,True
org_0089,Acme Engineering 089,US,free,2026-01-16 11:50:49+00:00,True
org_0090,Acme Engineering 090,DE,performance,2026-02-09 22:06:21+00:00,True
org_0091,Acme Engineering 091,IN,scale,2026-06-07 19:42:42+00:00,False
org_0092,Acme Engineering 092,AM,free,2026-04-02 22:33:06+00:00,True
org_0093,Acme Engineering 093,GB,scale,2026-01-10 15:01:32+00:00,True
org_0094,Acme Engineering 094,NL,scale,2026-06-09 21:26:41+00:00,True
org_0095,Acme Engineering 095,AM,scale,2026-04-14 14:48:34+00:00,True
org_0096,Acme Engineering 096,AM,free,2026-01-16 00:56:22+00:00,True
org_0097,Acme Engineering 097,DE,free,2026-06-28 18:20:13+00:00,True
org_0098,Acme Engineering 098,DE,free,2026-03-17 00:06:00+00:00,True
org_0099,Acme Engineering 099,FR,scale,2026-04-19 09:38:00+00:00,True
org_0100,Acme Engineering 100,IN,free,2026-07-28 05:53:34+00:00,True
