user_id,organization_id,country,device_type,source,created_at
user_00001,org_0004,IN,laptop,github,2026-08-14 11:29:18+00:00
user_00002,org_0034,AM,mobile,docs,2026-05-15 06:02:14+00:00
user_00003,org_0094,SE,mobile,referral,2026-02-14 21:53:48+00:00
user_00004,org_0050,DE,laptop,organic,2026-06-19 08:21:02+00:00
user_00005,org_0001,IR,mobile,direct,2026-03-18 12:30:01+00:00
user_00006,org_0047,NL,mobile,google,2026-08-31 00:13:45+00:00
user_00007,org_0041,AU,desktop,direct,2026-04-27 15:12:23+00:00
user_00008,org_0065,US,laptop,google,2026-06-06 06:38:36+00:00
user_00009,org_0090,DE,desktop,github,2026-06-13 06:50:37+00:00
user_00010,org_0086,IR,mobile,github,2026-08-28 01:00:53+00:00
user_00011,org_0073,SE,mobile,organic,2026-04-29 00:19:11+00:00
user_00012,org_0037,GB,mobile,referral,2026-05-06 03:34:49+00:00
user_00013,org_0060,DE,mobile,github,2026-07-18 12:29:13+00:00
user_00014,org_0061,AM,desktop,direct,2026-02-02 22:21:06+00:00
user_00015,org_0037,GB,mobile,referral,2026-05-11 04:10:51+00:00
user_00016,org_0012,DE,mobile,google,2026-03-29 05:48:09+00:00
user_00017,org_0026,SE,desktop,github,2026-07-04 12:35:30+00:00
user_00018,org_0079,CA,laptop,docs,2026-08-12 13:38:30+00:00
user_00019,org_0025,SE,laptop,docs,2026-04-05 18:05:59+00:00
user_00020,org_0019,FR,desktop,organic,2026-06-15 02:38:59+00:00
user_00021,org_0029,SE,mobile,referral,2026-06-30 09:55:07+00:00
user_00022,org_0007,GB,desktop,docs,2026-02-21 18:48:37+00:00
user_00023,org_0060,DE,mobile,referral,2026-05-04 05:25:52+00:00
user_00024,org_0097,BR,mobile,referral,2026-06-15 17:30:43+00:00
user_00025,org_0071,BR,desktop,direct,2026-07-04 08:17:11+00:00
user_00026,org_0058,CA,desktop,direct,2026-04-18 16:43:44+00:00
user_00027,org_0099,AU,mobile,github,2026-04-17 15:26:01+00:00
user_00028,org_0057,GB,laptop,github,2026-04-16 12:34:06+00:00
user_00029,org_0043,IN,mobile,organic,2026-02-23 17:44:23+00:00
user_00030,org_0020,NL,mobile,github,2026-03-25 02:11:07+00:00
user_00031,org_0009,SE,laptop,referral,2026-06-30 22:43:45+00:00
user_00032,org_0054,AU,laptop,docs,2026-08-15 20:00:52+00:00
user_00033,org_0090,DE,mobile,docs,2026-07-05 05:46:24+00:00
user_00034,org_0001,FR,laptop,docs,2026-07-29 00:34:45+00:00
user_00035,org_0096,BR,desktop,docs,2026-03-27 05:09:28+00:00
user_00036,org_0035,IN,desktop,docs,2026-05-11 12:57:15+00:00
user_00037,org_0086,AU,laptop,direct,2026-03-06 02:19:42+00:00
user_00038,org_0060,BR,mobile,organic,2026-06-03 00:32:05+00:00
user_00039,org_0076,GB,desktop,organic,2026-06-16 10:57:38+00:00
user_00040,org_0018,GB,desktop,google,2026-05-28 05:30:14+00:00
user_00041,org_0042,GB,laptop,google,2026-05-28 05:42:44+00:00
user_00042,org_0036,SE,laptop,organic,2026-07-02 15:34:38+00:00
user_00043,org_0003,US,laptop,github,2026-01-27 15:34:10+00:00
user_00044,org_0100,US,desktop,github,2026-03-19 10:10:34+00:00
user_00045,org_0003,SE,desktop,github,2026-07-03 21:54:32+00:00
user_00046,org_0086,AU,desktop,docs,2026-04-10 12:21:51+00:00
user_00047,org_0099,FR,mobile,referral,2026-02-14 11:31:25+00:00
user_00048,org_0100,FR,desktop,referral,2026-01-10 23:20:24+00:00
user_00049,org_0040,DE,laptop,docs,2026-03-19 00:34:03+00:00
user_00050,org_0010,US,mobile,github,2026-02-09 13:47:20+00:00
user_00051,org_0090,IR,mobile,organic,2026-08-08 18:52:25+00:00
user_00052,org_0006,BR,laptop,direct,2026-05-24 21:58:15+00:00
user_00053,org_0009,SE,laptop,organic,2026-06-13 03:13:52+00:00
user_00054,org_0063,AM,laptop,direct,2026-06-28 13:04:52+00:00
user_00055,org_0091,IN,desktop,direct,2026-07-22 15:01:55+00:00
user_00056,org_0084,SE,mobile,docs,2026-06-30 12:56:15+00:00
user_00057,org_0056,BR,laptop,google,2026-04-06 08:10:50+00:00
user_00058,org_0012,BR,laptop,github,2026-06-30 11:23:48+00:00
user_00059,org_0073,SE,laptop,google,2026-01-12 03:30:12+00:00
user_00060,org_0064,GB,laptop,github,2026-05-18 19:12:30+00:00
user_00061,org_0034,AM,mobile,direct,2026-04-18 07:00:35+00:00
user_00062,org_0072,DE,desktop,organic,2026-04-04 17:36:05+00:00
user_00063,org_0093,GB,mobile,github,2026-07-04 21:30:33+00:00
user_00064,org_0083,AU,desktop,organic,2026-04-25 06:28:27+00:00
user_00065,org_0029,SE,desktop,google,2026-08-14 20:29:27+00:00
user_00066,org_0048,DE,mobile,google,2026-06-15 05:58:58+00:00
user_00067,org_0096,AM,laptop,direct,2026-06-26 05:12:44+00:00
user_00068,org_0035,IN,desktop,organic,2026-03-16 19:00:56+00:00
user_00069,org_0041,AU,mobile,direct,2026-03-13 21:43:17+00:00
user_00070,org_0025,AM,laptop,google,2026-08-17 23:20:53+00:00
user_00071,org_0098,DE,laptop,organic,2026-03-17 09:18:25+00:00
user_00072,org_0038,BR,desktop,google,2026-01-06 11:52:20+00:00
user_00073,org_0091,IN,laptop,organic,2026-01-22 04:13:09+00:00
user_00074,org_0071,BR,desktop,direct,2026-07-10 15:19:15+00:00
user_00075,org_0014,BR,laptop,docs,2026-07-05 21:56:23+00:00
user_00076,org_0057,GB,desktop,google,2026-07-05 12:45:31+00:00
user_00077,org_0015,SE,laptop,organic,2026-08-13 02:13:37+00:00
user_00078,org_0081,GB,desktop,github,2026-08-07 14:02:42+00:00
user_00079,org_0039,NL,desktop,organic,2026-08-05 17:37:03+00:00
user_00080,org_0098,DE,mobile,referral,2026-03-29 15:33:23+00:00
user_00081,org_0100,IN,laptop,docs,2026-04-26 11:31:55+00:00
user_00082,org_0076,FR,mobile,referral,2026-01-24 09:23:13+00:00
user_00083,org_0079,CA,desktop,direct,2026-03-23 22:53:50+00:00
user_00084,org_0034,AM,desktop,github,2026-03-09 12:03:34+00:00
user_00085,org_0071,BR,desktop,docs,2026-06-24 22:59:55+00:00
user_00086,org_0089,US,laptop,organic,2026-03-31 21:30:53+00:00
user_00087,org_0037,AM,laptop,organic,2026-04-01 15:40:03+00:00
user_00088,org_0034,IR,mobile,direct,2026-03-18 19:48:31+00:00
user_00089,org_0055,IR,desktop,direct,2026-02-27 20:40:54+00:00
user_00090,org_0035,CA,desktop,github,2026-04-30 11:08:59+00:00
user_00091,org_0077,BR,laptop,docs,2026-02-18 07:03:36+00:00
user_00092,org_0060,DE,mobile,docs,2026-04-16 17:31:06+00:00
user_00093,org_0065,US,laptop,organic,2026-08-21 06:06:20+00:00
user_00094,org_0006,AM,laptop,referral,2026-04-08 05:35:52+00:00
user_00095,org_0004,IN,mobile,referral,2026-08-17 00:22:56+00:00
user_00096,org_0003,IR,laptop,referral,2026-01-16 14:59:10+00:00
user_00097,org_0098,AU,mobile,direct,2026-06-21 17:52:36+00:00
user_00098,org_0036,IR,mobile,docs,2026-07-10 23:12:59+00:00
user_00099,org_0012,BR,laptop,google,2026-05-05 16:28:47+00:00
user_00100,org_0086,AU,desktop,google,2026-06-09 20:48:37+00:00
user_00101,org_0089,US,mobile,docs,2026-08-02 15:16:19+00:00
user_00102,org_0005,IR,laptop,google,2026-05-06 13:07:48+00:00
user_00103,org_0015,SE,mobile,organic,2026-07-30 17:20:19+00:00
user_00104,org_0060,DE,desktop,referral,2026-05-21 12:01:40+00:00
user_00105,org_0080,IR,laptop,organic,2026-03-21 01:18:01+00:00
user_00106,org_0035,IN,laptop,docs,2026-07-08 05:50:29+00:00
user_00107,org_0016,NL,mobile,referral,2026-04-03 22:24:50+00:00
user_00108,org_0091,IN,mobile,organic,2026-08-03 11:21:22+00:00
user_00109,org_0053,CA,desktop,docs,2026-02-15 14:51:49+00:00
user_00110,org_0083,AU,mobile,google,2026-07-17 15:01:51+00:00
user_00111,org_0091,IN,laptop,docs,2026-04-05 15:44:12+00:00
user_00112,org_0059,IR,laptop,github,2026-08-21 18:36:14+00:00
user_00113,org_0066,GB,desktop,google,2026-06-11 03:32:37+00:00
user_00114,org_0044,IN,laptop,organic,2026-04-20 20:15:01+00:00
user_00115,org_0093,GB,mobile,referral,2026-07-10 03:46:43+00:00
user_00116,org_0020,NL,laptop,google,2026-05-10 02:33:53+00:00
user_00117,org_0071,SE,laptop,google,2026-03-15 06:22:03+00:00
user_00118,org_0090,DE,laptop,github,2026-06-09 12:42:05+00:00
user_00119,org_0006,BR,laptop,direct,2026-05-29 01:19:54+00:00
user_00120,org_0050,IR,desktop,docs,2026-01-15 09:02:52+00:00
user_00121,org_0017,IR,mobile,google,2026-02-08 23:27:57+00:00
user_00122,org_0057,GB,laptop,organic,2026-02-25 23:37:33+00:00
user_00123,org_0053,GB,desktop,docs,2026-04-13 22:11:28+00:00
user_00124,org_0044,IN,laptop,direct,2026-02-01 04:35:34+00:00
user_00125,org_0043,IN,laptop,google,2026-07-09 12:00:00+00:00
user_00126,org_0070,BR,desktop,github,2026-04-22 14:33:59+00:00
user_00127,org_0030,SE,desktop,direct,2026-02-09 00:47:43+00:00
user_00128,org_0057,GB,laptop,organic,2026-01-18 20:40:00+00:00
user_00129,org_0042,FR,laptop,google,2026-06-17 06:17:30+00:00
user_00130,org_0019,FR,laptop,referral,2026-03-11 22:15:06+00:00
user_00131,org_0022,DE,mobile,docs,2026-08-29 16:07:09+00:00
user_00132,org_0088,NL,mobile,github,2026-04-01 04:09:11+00:00
user_00133,org_0060,DE,laptop,google,2026-01-04 15:35:25+00:00
user_00134,org_0060,IR,mobile,github,2026-01-29 16:26:34+00:00
user_00135,org_0057,BR,laptop,direct,2026-06-14 18:50:45+00:00
user_00136,org_0089,US,laptop,github,2026-05-30 09:36:03+00:00
user_00137,org_0062,SE,laptop,referral,2026-05-20 09:44:30+00:00
user_00138,org_0074,CA,mobile,google,2026-01-09 12:29:30+00:00
user_00139,org_0085,GB,desktop,referral,2026-01-20 01:07:31+00:00
user_00140,org_0078,FR,desktop,referral,2026-05-17 19:52:09+00:00
user_00141,org_0029,SE,mobile,google,2026-02-23 02:52:29+00:00
user_00142,org_0081,GB,mobile,direct,2026-01-16 07:26:42+00:00
user_00143,org_0040,US,mobile,google,2026-02-21 00:50:48+00:00
user_00144,org_0012,NL,mobile,docs,2026-03-10 05:05:02+00:00
user_00145,org_0026,SE,mobile,google,2026-07-26 03:54:09+00:00
user_00146,org_0065,GB,laptop,docs,2026-04-25 14:55:03+00:00
user_00147,org_0096,CA,laptop,organic,2026-02-24 15:57:01+00:00
user_00148,org_0097,IR,mobile,direct,2026-06-04 08:08:36+00:00
user_00149,org_0072,DE,laptop,organic,2026-04-13 16:55:57+00:00
user_00150,org_0069,DE,laptop,direct,2026-04-12 19:31:17+00:00
user_00151,org_0075,CA,mobile,google,2026-02-12 01:51:31+00:00
user_00152,org_0087,CA,desktop,referral,2026-08-07 00:41:45+00:00
user_00153,org_0042,DE,mobile,organic,2026-06-30 07:17:13+00:00
user_00154,org_0090,DE,laptop,organic,2026-02-24 06:48:58+00:00
user_00155,org_0006,FR,laptop,organic,2026-02-07 17:53:42+00:00
user_00156,org_0031,GB,laptop,docs,2026-05-25 02:04:40+00:00
user_00157,org_0086,AM,mobile,docs,2026-08-17 02:24:31+00:00
user_00158,org_0096,SE,mobile,organic,2026-07-10 01:02:41+00:00
user_00159,org_0079,IN,laptop,organic,2026-05-24 21:35:22+00:00
user_00160,org_0028,CA,desktop,google,2026-02-08 14:03:07+00:00
user_00161,org_0088,NL,mobile,google,2026-01-24 12:22:03+00:00
user_00162,org_0051,AM,desktop,docs,2026-02-05 14:27:29+00:00
user_00163,org_0085,GB,mobile,referral,2026-01-09 07:03:57+00:00
user_00164,org_0007,DE,desktop,referral,2026-03-21 16:39:16+00:00
user_00165,org_0009,IN,desktop,referral,2026-03-25 20:48:44+00:00
user_00166,org_0030,AU,desktop,referral,2026-01-02 02:25:45+00:00
user_00167,org_0036,GB,desktop,referral,2026-04-08 08:15:59+00:00
user_00168,org_0023,NL,desktop,github,2026-01-06 18:30:29+00:00
user_00169,org_0046,DE,mobile,google,2026-01-07 03:05:25+00:00
user_00170,org_0023,NL,desktop,direct,2026-06-13 11:38:12+00:00
user_00171,org_0068,GB,desktop,docs,2026-06-24 02:13:40+00:00
user_00172,org_0100,IN,mobile,organic,2026-06-25 12:59:45+00:00
user_00173,org_0065,US,mobile,organic,2026-07-22 12:16:39+00:00
user_00174,org_0039,NL,desktop,organic,2026-07-06 00:26:05+00:00
user_00175,org_0052,DE,desktop,docs,2026-06-22 06:18:02+00:00
user_00176,org_0010,NL,mobile,github,2026-01-26 12:12:10+00:00
user_00177,org_0017,IR,mobile,referral,2026-08-01 23:03:08+00:00
user_00178,org_0092,AM,mobile,referral,2026-04-25 12:38:46+00:00
user_00179,org_0059,IR,laptop,organic,2026-02-14 10:24:59+00:00
user_00180,org_0084,SE,mobile,direct,2026-03-25 12:09:36+00:00
user_00181,org_0056,CA,desktop,docs,2026-05-12 15:04:17+00:00
user_00182,org_0059,IR,mobile,organic,2026-05-02 09:09:42+00:00
user_00183,org_0055,IR,laptop,google,2026-03-01 06:41:52+00:00
user_00184,org_0088,CA,desktop,organic,2026-02-06 04:58:03+00:00
user_00185,org_0056,CA,mobile,google,2026-02-20 12:45:50+00:00
user_00186,org_0072,DE,mobile,referral,2026-05-09 00:31:23+00:00
user_00187,org_0086,AU,laptop,direct,2026-06-14 06:03:25+00:00
user_00188,org_0093,GB,laptop,referral,2026-05-02 08:14:05+00:00
user_00189,org_0046,IN,mobile,github,2026-03-02 02:11:23+00:00
user_00190,org_0085,GB,desktop,google,2026-08-05 00:46:12+00:00
user_00191,org_0048,DE,laptop,referral,2026-03-29 19:57:19+00:00
user_00192,org_0055,BR,mobile,direct,2026-08-05 05:11:26+00:00
user_00193,org_0004,IN,mobile,direct,2026-04-14 20:47:36+00:00
user_00194,org_0004,IN,mobile,google,2026-05-12 23:23:43+00:00
user_00195,org_0045,SE,desktop,referral,2026-06-05 15:34:51+00:00
user_00196,org_0009,SE,mobile,organic,2026-02-05 15:14:36+00:00
user_00197,org_0096,AM,laptop,docs,2026-06-26 04:17:06+00:00
user_00198,org_0044,IN,laptop,direct,2026-05-06 23:28:03+00:00
user_00199,org_0100,BR,desktop,organic,2026-03-02 10:06:35+00:00
user_00200,org_0021,US,mobile,organic,2026-04-16 16:10:56+00:00
user_00201,org_0057,GB,laptop,referral,2026-06-21 16:09:01+00:00
user_00202,org_0054,AU,mobile,organic,2026-05-15 01:14:39+00:00
user_00203,org_0056,CA,mobile,direct,2026-08-19 08:24:42+00:00
user_00204,org_0063,AM,laptop,organic,2026-03-27 15:22:50+00:00
user_00205,org_0051,US,desktop,github,2026-04-28 01:25:55+00:00
user_00206,org_0028,FR,laptop,google,2026-02-16 14:20:06+00:00
user_00207,org_0001,IR,laptop,github,2026-02-20 04:05:52+00:00
user_00208,org_0049,US,desktop,referral,2026-08-05 23:40:51+00:00
user_00209,org_0086,CA,laptop,direct,2026-01-17 10:17:08+00:00
user_00210,org_0056,CA,desktop,google,2026-08-12 14:27:51+00:00
user_00211,org_0055,IR,mobile,direct,2026-06-12 05:11:23+00:00
user_00212,org_0038,BR,desktop,google,2026-03-08 17:58:26+00:00
user_00213,org_0080,GB,mobile,google,2026-02-04 05:25:48+00:00
user_00214,org_0056,DE,laptop,referral,2026-06-05 12:27:46+00:00
user_00215,org_0068,GB,laptop,direct,2026-05-12 20:29:35+00:00
user_00216,org_0029,SE,desktop,organic,2026-07-18 06:02:56+00:00
user_00217,org_0082,NL,mobile,github,2026-05-16 16:24:48+00:00
user_00218,org_0045,IR,desktop,github,2026-02-09 22:12:27+00:00
user_00219,org_0019,FR,desktop,referral,2026-03-01 08:50:58+00:00
user_00220,org_0098,CA,desktop,direct,2026-07-11 21:30:16+00:00
user_00221,org_0060,BR,laptop,direct,2026-08-08 05:26:41+00:00
user_00222,org_0083,FR,mobile,google,2026-05-03 18:37:41+00:00
user_00223,org_0020,NL,laptop,docs,2026-04-28 14:29:27+00:00
user_00224,org_0036,IR,laptop,referral,2026-01-29 19:30:25+00:00
user_00225,org_0040,DE,desktop,organic,2026-05-24 04:53:00+00:00
user_00226,org_0037,GB,desktop,referral,2026-08-19 17:13:30+00:00
user_00227,org_0065,US,mobile,referral,2026-01-16 22:21:33+00:00
user_00228,org_0058,BR,mobile,github,2026-05-05 20:50:47+00:00
user_00229,org_0078,AM,desktop,organic,2026-06-24 23:10:47+00:00
user_00230,org_0014,NL,mobile,organic,2026-07-15 22:44:15+00:00
user_00231,org_0083,FR,desktop,direct,2026-06-20 00:12:10+00:00
user_00232,org_0057,GB,mobile,github,2026-05-22 07:46:29+00:00
user_00233,org_0048,SE,laptop,google,2026-08-21 04:42:00+00:00
user_00234,org_0007,IR,laptop,organic,2026-05-09 00:56:26+00:00
user_00235,org_0013,AM,laptop,google,2026-04-08 20:46:15+00:00
user_00236,org_0093,BR,desktop,google,2026-02-01 15:39:12+00:00
user_00237,org_0075,CA,laptop,google,2026-06-02 05:18:47+00:00
user_00238,org_0017,IR,desktop,google,2026-08-06 01:31:52+00:00
user_00239,org_0049,US,laptop,github,2026-07-24 10:20:29+00:00
user_00240,org_0012,BR,laptop,referral,2026-05-21 12:28:56+00:00
user_00241,org_0003,SE,desktop,github,2026-05-13 17:10:34+00:00
user_00242,org_0099,FR,desktop,github,2026-03-02 04:11:37+00:00
user_00243,org_0010,US,desktop,referral,2026-07-29 15:01:41+00:00
user_00244,org_0095,US,mobile,google,2026-08-29 00:28:14+00:00
user_00245,org_0017,IR,desktop,github,2026-03-12 05:36:23+00:00
user_00246,org_0089,GB,mobile,docs,2026-01-17 23:14:34+00:00
user_00247,org_0053,CA,mobile,github,2026-06-22 12:13:55+00:00
user_00248,org_0079,IN,mobile,docs,2026-04-01 21:03:55+00:00
user_00249,org_0069,DE,laptop,github,2026-05-23 20:31:34+00:00
user_00250,org_0087,AU,laptop,google,2026-05-29 07:18:32+00:00
user_00251,org_0065,US,desktop,github,2026-08-23 19:52:18+00:00
user_00252,org_0018,US,mobile,docs,2026-05-25 03:56:51+00:00
user_00253,org_0071,AM,mobile,organic,2026-04-21 16:58:47+00:00
user_00254,org_0011,FR,laptop,referral,2026-02-27 05:23:20+00:00
user_00255,org_0056,CA,desktop,docs,2026-05-16 18:22:08+00:00
user_00256,org_0004,IN,laptop,referral,2026-05-26 05:34:25+00:00
user_00257,org_0031,US,desktop,google,2026-03-29 04:51:10+00:00
user_00258,org_0004,IN,desktop,direct,2026-05-11 05:07:57+00:00
user_00259,org_0019,FR,laptop,docs,2026-02-23 21:38:29+00:00
user_00260,org_0098,AU,mobile,organic,2026-01-31 18:26:15+00:00
user_00261,org_0003,SE,desktop,referral,2026-08-25 11:10:25+00:00
user_00262,org_0068,GB,laptop,github,2026-04-27 22:55:57+00:00
user_00263,org_0016,NL,laptop,direct,2026-08-30 21:00:54+00:00
user_00264,org_0059,IR,laptop,referral,2026-07-28 04:23:00+00:00
user_00265,org_0003,SE,mobile,github,2026-02-25 18:13:59+00:00
user_00266,org_0038,BR,mobile,google,2026-04-04 10:13:16+00:00
user_00267,org_0074,CA,mobile,direct,2026-02-03 05:58:47+00:00
user_00268,org_0068,CA,mobile,referral,2026-07-17 00:38:12+00:00
user_00269,org_0065,US,laptop,docs,2026-01-17 21:46:12+00:00
user_00270,org_0082,NL,laptop,google,2026-01-07 07:23:18+00:00
user_00271,org_0046,NL,desktop,direct,2026-02-10 06:13:02+00:00
user_00272,org_0099,FR,laptop,github,2026-01-18 05:14:18+00:00
user_00273,org_0046,IN,mobile,github,2026-06-30 10:35:57+00:00
user_00274,org_0090,DE,desktop,github,2026-01-25 12:08:22+00:00
user_00275,org_0092,AU,desktop,google,2026-03-20 06:57:51+00:00
user_00276,org_0006,US,laptop,google,2026-07-20 03:43:23+00:00
user_00277,org_0051,IN,laptop,google,2026-01-15 05:19:49+00:00
user_00278,org_0097,DE,laptop,google,2026-01-19 13:33:57+00:00
user_00279,org_0084,SE,desktop,google,2026-06-19 16:40:55+00:00
user_00280,org_0052,SE,laptop,github,2026-07-12 16:56:57+00:00
user_00281,org_0089,US,mobile,google,2026-02-02 01:59:42+00:00
user_00282,org_0094,NL,laptop,referral,2026-03-12 01:58:34+00:00
user_00283,org_0070,BR,desktop,organic,2026-05-08 08:26:06+00:00
user_00284,org_0085,GB,laptop,referral,2026-06-15 11:41:22+00:00
user_00285,org_0022,DE,laptop,docs,2026-01-17 10:46:43+00:00
user_00286,org_0094,NL,mobile,docs,2026-04-17 15:02:29+00:00
user_00287,org_0082,US,desktop,direct,2026-06-07 18:09:13+00:00
user_00288,org_0047,NL,mobile,direct,2026-03-04 03:11:03+00:00
user_00289,org_0004,IN,mobile,direct,2026-06-20 04:04:00+00:00
user_00290,org_0005,IR,desktop,direct,2026-05-23 06:25:43+00:00
user_00291,org_0047,NL,mobile,organic,2026-08-23 23:53:33+00:00
user_00292,org_0020,NL,laptop,google,2026-06-22 09:48:50+00:00
user_00293,org_0098,DE,desktop,referral,2026-05-23 12:13:17+00:00
user_00294,org_0051,AM,laptop,github,2026-02-14 01:25:03+00:00
user_00295,org_0004,AU,mobile,docs,2026-08-07 03:10:08+00:00
user_00296,org_0016,NL,laptop,direct,2026-06-23 07:34:00+00:00
user_00297,org_0028,FR,mobile,docs,2026-03-19 17:47:50+00:00
user_00298,org_0016,NL,desktop,docs,2026-03-09 01:16:26+00:00
user_00299,org_0092,AM,desktop,direct,2026-05-05 02:46:26+00:00
user_00300,org_0086,AU,desktop,referral,2026-07-30 13:24:12+00:00
user_00301,org_0038,GB,mobile,direct,2026-03-09 14:38:44+00:00
user_00302,org_0047,NL,desktop,github,2026-02-23 22:25:34+00:00
user_00303,org_0031,US,laptop,referral,2026-08-11 06:00:43+00:00
user_00304,org_0048,DE,mobile,github,2026-08-26 15:46:19+00:00
user_00305,org_0012,BR,laptop,direct,2026-07-05 21:28:55+00:00
user_00306,org_0068,GB,laptop,referral,2026-01-29 15:24:23+00:00
user_00307,org_0017,IR,desktop,docs,2026-06-30 21:52:48+00:00
user_00308,org_0088,NL,desktop,referral,2026-08-17 06:33:45+00:00
user_00309,org_0024,GB,laptop,referral,2026-01-22 12:29:06+00:00
user_00310,org_0016,NL,laptop,github,2026-03-04 21:38:29+00:00
user_00311,org_0042,DE,laptop,referral,2026-04-21 07:31:19+00:00
user_00312,org_0011,SE,mobile,referral,2026-04-17 14:04:08+00:00
user_00313,org_0017,IR,mobile,referral,2026-02-06 06:48:57+00:00
user_00314,org_0065,US,mobile,referral,2026-03-01 21:11:41+00:00
user_00315,org_0022,DE,mobile,referral,2026-05-12 02:50:33+00:00
user_00316,org_0073,SE,desktop,organic,2026-01-18 15:44:04+00:00
user_00317,org_0083,FR,mobile,github,2026-08-11 04:42:18+00:00
user_00318,org_0054,AU,desktop,docs,2026-07-31 21:09:02+00:00
user_00319,org_0038,BR,laptop,docs,2026-04-06 02:25:39+00:00
user_00320,org_0088,NL,laptop,organic,2026-01-24 06:25:47+00:00
user_00321,org_0021,US,laptop,docs,2026-03-21 05:37:56+00:00
user_00322,org_0044,IN,laptop,direct,2026-05-05 00:14:40+00:00
user_00323,org_0094,NL,laptop,github,2026-05-24 21:41:05+00:00
user_00324,org_0066,NL,laptop,github,2026-07-01 03:50:22+00:00
user_00325,org_0016,NL,desktop,github,2026-02-07 14:21:00+00:00
user_00326,org_0007,GB,laptop,referral,2026-06-12 09:17:53+00:00
user_00327,org_0032,GB,laptop,referral,2026-05-02 10:42:51+00:00
user_00328,org_0025,AU,mobile,docs,2026-07-13 16:46:38+00:00
user_00329,org_0040,DE,desktop,docs,2026-07-16 07:05:01+00:00
user_00330,org_0059,DE,mobile,google,2026-01-19 21:31:36+00:00
user_00331,org_0007,GB,mobile,direct,2026-07-02 18:11:14+00:00
user_00332,org_0037,GB,desktop,docs,2026-02-22 00:21:50+00:00
user_00333,org_0034,SE,laptop,organic,2026-06-05 13:41:28+00:00
user_00334,org_0007,GB,desktop,google,2026-08-03 20:24:41+00:00
user_00335,org_0037,GB,mobile,docs,2026-08-02 13:02:22+00:00
user_00336,org_0036,BR,mobile,referral,2026-02-16 03:23:56+00:00
user_00337,org_0017,SE,laptop,google,2026-08-05 15:22:10+00:00
user_00338,org_0047,DE,mobile,referral,2026-06-05 21:11:55+00:00
user_00339,org_0065,US,desktop,github,2026-05-10 08:09:51+00:00
user_00340,org_0061,SE,desktop,referral,2026-07-20 04:51:42+00:00
user_00341,org_0018,IN,mobile,google,2026-03-05 02:37:43+00:00
user_00342,org_0051,AM,laptop,referral,2026-05-11 15:13:40+00:00
user_00343,org_0065,IN,laptop,direct,2026-08-07 14:50:03+00:00
user_00344,org_0039,NL,desktop,google,2026-05-09 15:22:36+00:00
user_00345,org_0087,CA,laptop,referral,2026-04-30 11:45:54+00:00
user_00346,org_0093,IR,desktop,referral,2026-07-04 07:30:05+00:00
user_00347,org_0034,BR,mobile,github,2026-01-20 22:39:53+00:00
user_00348,org_0075,CA,mobile,direct,2026-08-29 16:21:22+00:00
user_00349,org_0100,GB,mobile,github,2026-01-13 06:15:30+00:00
user_00350,org_0074,CA,desktop,organic,2026-06-21 06:46:38+00:00
user_00351,org_0041,AU,laptop,direct,2026-03-21 04:24:29+00:00
user_00352,org_0053,CA,mobile,docs,2026-01-25 04:30:13+00:00
user_00353,org_0091,IN,desktop,referral,2026-05-07 05:40:52+00:00
user_00354,org_0085,GB,laptop,google,2026-03-09 06:10:37+00:00
user_00355,org_0059,NL,mobile,google,2026-04-13 16:02:02+00:00
user_00356,org_0079,IN,desktop,google,2026-08-05 17:44:40+00:00
user_00357,org_0039,NL,laptop,google,2026-03-22 11:58:08+00:00
user_00358,org_0089,NL,laptop,google,2026-08-06 16:07:22+00:00
user_00359,org_0093,GB,desktop,referral,2026-07-30 22:54:21+00:00
user_00360,org_0049,SE,laptop,github,2026-04-23 19:12:53+00:00
user_00361,org_0006,BR,mobile,organic,2026-05-15 12:20:30+00:00
user_00362,org_0057,GB,mobile,docs,2026-03-25 02:30:05+00:00
user_00363,org_0026,FR,mobile,direct,2026-04-16 11:41:44+00:00
user_00364,org_0018,IN,mobile,referral,2026-04-03 22:16:13+00:00
user_00365,org_0032,IN,mobile,github,2026-04-01 10:11:38+00:00
user_00366,org_0007,GB,laptop,direct,2026-07-03 11:07:24+00:00
user_00367,org_0013,AM,desktop,organic,2026-08-02 17:39:27+00:00
user_00368,org_0021,US,laptop,docs,2026-03-19 11:03:51+00:00
user_00369,org_0097,NL,laptop,direct,2026-01-23 23:26:06+00:00
user_00370,org_0099,FR,mobile,github,2026-07-27 19:58:50+00:00
user_00371,org_0095,US,desktop,docs,2026-03-10 06:28:10+00:00
user_00372,org_0005,SE,laptop,github,2026-04-23 10:01:39+00:00
user_00373,org_0005,IR,mobile,referral,2026-02-11 16:06:53+00:00
user_00374,org_0043,IN,mobile,referral,2026-07-23 15:00:10+00:00
user_00375,org_0064,GB,mobile,docs,2026-04-16 23:01:33+00:00
user_00376,org_0025,NL,desktop,direct,2026-06-28 05:23:34+00:00
user_00377,org_0083,FR,desktop,organic,2026-05-11 22:06:47+00:00
user_00378,org_0038,BR,desktop,github,2026-08-26 06:30:31+00:00
user_00379,org_0082,SE,mobile,google,2026-02-03 16:27:16+00:00
user_00380,org_0052,DE,desktop,github,2026-07-05 10:11:41+00:00
user_00381,org_0042,US,laptop,docs,2026-04-02 11:13:01+00:00
user_00382,org_0058,NL,laptop,referral,2026-08-11 11:36:14+00:00
user_00383,org_0002,GB,laptop,direct,2026-04-02 18:29:58+00:00
user_00384,org_0008,DE,laptop,google,2026-03-04 00:40:07+00:00
user_00385,org_0052,DE,mobile,google,2026-02-15 14:23:38+00:00
user_00386,org_0082,FR,laptop,referral,2026-03-27 18:27:50+00:00
user_00387,org_0029,AU,desktop,docs,2026-08-24 05:53:46+00:00
user_00388,org_0048,DE,mobile,docs,2026-07-28 18:01:40+00:00
user_00389,org_0086,DE,mobile,referral,2026-02-01 19:05:11+00:00
user_00390,org_0068,GB,mobile,google,2026-01-31 07:58:12+00:00
user_00391,org_0073,SE,mobile,referral,2026-03-20 12:14:15+00:00
user_00392,org_0074,CA,desktop,google,2026-07-22 01:56:04+00:00
user_00393,org_0057,GB,desktop,direct,2026-08-15 11:19:49+00:00
user_00394,org_0063,AM,mobile,docs,2026-01-22 14:33:47+00:00
user_00395,org_0059,IR,laptop,docs,2026-08-08 00:01:59+00:00
user_00396,org_0008,DE,mobile,google,2026-01-09 10:54:55+00:00
user_00397,org_0051,AM,desktop,direct,2026-03-26 14:59:14+00:00
user_00398,org_0075,CA,laptop,google,2026-01-25 18:17:07+00:00
user_00399,org_0070,CA,laptop,organic,2026-04-22 11:52:45+00:00
user_00400,org_0053,CA,desktop,direct,2026-06-13 06:03:26+00:00
user_00401,org_0048,SE,laptop,docs,2026-05-26 21:16:12+00:00
user_00402,org_0011,SE,mobile,referral,2026-02-21 15:33:17+00:00
user_00403,org_0084,CA,desktop,referral,2026-06-02 15:34:19+00:00
user_00404,org_0068,GB,desktop,organic,2026-01-09 19:54:30+00:00
user_00405,org_0039,NL,mobile,referral,2026-06-14 17:09:35+00:00
user_00406,org_0069,DE,desktop,github,2026-06-28 21:20:19+00:00
user_00407,org_0045,SE,desktop,direct,2026-02-13 19:47:17+00:00
user_00408,org_0005,SE,mobile,organic,2026-04-04 11:10:20+00:00
user_00409,org_0027,GB,mobile,organic,2026-06-23 09:07:56+00:00
user_00410,org_0077,NL,desktop,github,2026-01-18 04:18:58+00:00
user_00411,org_0052,DE,mobile,github,2026-01-22 22:05:47+00:00
user_00412,org_0018,IN,laptop,github,2026-08-12 17:44:15+00:00
user_00413,org_0041,AU,mobile,google,2026-04-03 00:06:20+00:00
user_00414,org_0039,IR,mobile,github,2026-06-10 14:39:37+00:00
user_00415,org_0039,NL,mobile,referral,2026-03-10 00:21:34+00:00
user_00416,org_0081,GB,mobile,docs,2026-01-19 04:59:29+00:00
user_00417,org_0045,IR,laptop,referral,2026-05-04 18:49:13+00:00
user_00418,org_0090,DE,desktop,google,2026-05-27 04:51:47+00:00
user_00419,org_0024,AU,desktop,github,2026-04-27 19:03:59+00:00
user_00420,org_0091,IN,laptop,organic,2026-08-07 09:49:01+00:00
user_00421,org_0053,IN,mobile,github,2026-05-31 20:19:40+00:00
user_00422,org_0032,IN,laptop,direct,2026-01-31 16:59:23+00:00
user_00423,org_0058,CA,mobile,direct,2026-03-15 23:25:02+00:00
user_00424,org_0007,GB,mobile,referral,2026-08-23 03:38:26+00:00
user_00425,org_0006,DE,mobile,direct,2026-08-06 00:51:50+00:00
user_00426,org_0028,CA,laptop,google,2026-01-06 22:55:13+00:00
user_00427,org_0028,AM,desktop,direct,2026-07-05 23:51:57+00:00
user_00428,org_0032,IN,mobile,github,2026-06-04 00:52:43+00:00
user_00429,org_0031,US,laptop,docs,2026-07-01 01:46:09+00:00
user_00430,org_0069,DE,laptop,google,2026-05-20 16:07:50+00:00
user_00431,org_0066,AU,desktop,direct,2026-07-02 07:58:04+00:00
user_00432,org_0098,DE,laptop,google,2026-06-10 18:06:31+00:00
user_00433,org_0006,BR,desktop,direct,2026-02-26 16:05:53+00:00
user_00434,org_0003,SE,mobile,referral,2026-06-12 04:06:35+00:00
user_00435,org_0038,BR,laptop,github,2026-05-28 12:21:47+00:00
user_00436,org_0073,AU,mobile,direct,2026-05-12 02:19:37+00:00
user_00437,org_0033,AU,mobile,direct,2026-07-10 12:40:56+00:00
user_00438,org_0059,IR,laptop,github,2026-02-24 08:30:28+00:00
user_00439,org_0093,GB,desktop,referral,2026-01-23 19:25:20+00:00
user_00440,org_0068,GB,desktop,direct,2026-01-19 20:11:12+00:00
user_00441,org_0098,DE,desktop,direct,2026-03-31 21:06:56+00:00
user_00442,org_0009,US,desktop,referral,2026-06-27 02:19:05+00:00
user_00443,org_0048,DE,mobile,direct,2026-08-28 10:22:36+00:00
user_00444,org_0062,SE,desktop,organic,2026-07-26 16:34:47+00:00
user_00445,org_0071,BR,desktop,referral,2026-04-17 16:46:09+00:00
user_00446,org_0069,US,mobile,direct,2026-06-17 05:13:59+00:00
user_00447,org_0023,NL,desktop,referral,2026-02-27 19:49:30+00:00
user_00448,org_0031,US,mobile,google,2026-05-18 15:37:49+00:00
user_00449,org_0035,CA,laptop,docs,2026-06-28 06:10:08+00:00
user_00450,org_0073,SE,mobile,github,2026-04-27 11:57:58+00:00
user_00451,org_0088,CA,mobile,direct,2026-01-13 07:19:15+00:00
user_00452,org_0012,BR,laptop,referral,2026-07-04 20:41:20+00:00
user_00453,org_0008,DE,mobile,github,2026-02-02 02:41:25+00:00
user_00454,org_0064,IR,laptop,referral,2026-02-07 00:50:12+00:00
user_00455,org_0068,DE,desktop,direct,2026-08-09 02:48:40+00:00
user_00456,org_0061,SE,desktop,direct,2026-04-19 21:15:57+00:00
user_00457,org_0070,BR,desktop,github,2026-05-03 03:12:35+00:00
user_00458,org_0003,BR,desktop,direct,2026-06-04 16:23:16+00:00
user_00459,org_0010,US,mobile,github,2026-08-09 01:59:19+00:00
user_00460,org_0050,FR,mobile,google,2026-05-30 01:42:21+00:00
user_00461,org_0097,AM,mobile,organic,2026-07-14 11:43:39+00:00
user_00462,org_0096,US,desktop,docs,2026-04-01 03:44:20+00:00
user_00463,org_0010,US,mobile,referral,2026-06-04 01:32:25+00:00
user_00464,org_0100,IN,mobile,google,2026-06-24 23:25:55+00:00
user_00465,org_0063,AM,mobile,docs,2026-06-17 17:06:52+00:00
user_00466,org_0024,IR,mobile,docs,2026-02-03 06:43:37+00:00
user_00467,org_0099,FR,desktop,direct,2026-01-29 13:07:55+00:00
user_00468,org_0011,SE,laptop,direct,2026-03-01 21:57:53+00:00
user_00469,org_0095,AM,laptop,organic,2026-02-05 13:01:56+00:00
user_00470,org_0001,AU,laptop,google,2026-02-09 16:51:57+00:00
user_00471,org_0017,IR,laptop,docs,2026-08-05 07:28:36+00:00
user_00472,org_0072,DE,desktop,organic,2026-02-04 19:18:29+00:00
user_00473,org_0046,IN,mobile,referral,2026-05-06 23:54:35+00:00
user_00474,org_0050,FR,laptop,docs,2026-02-02 21:27:24+00:00
user_00475,org_0093,DE,mobile,referral,2026-03-07 20:37:38+00:00
user_00476,org_0088,NL,desktop,google,2026-04-27 22:44:48+00:00
user_00477,org_0035,IN,desktop,github,2026-06-18 19:28:35+00:00
user_00478,org_0036,IR,laptop,organic,2026-05-21 05:55:41+00:00
user_00479,org_0033,AM,mobile,docs,2026-08-19 14:40:36+00:00
user_00480,org_0079,IN,desktop,github,2026-04-29 07:37:06+00:00
user_00481,org_0001,NL,mobile,docs,2026-05-08 23:33:05+00:00
user_00482,org_0057,GB,mobile,referral,2026-02-22 20:46:19+00:00
user_00483,org_0039,NL,mobile,github,2026-07-06 00:41:39+00:00
user_00484,org_0041,AU,laptop,google,2026-04-24 04:29:37+00:00
user_00485,org_0095,AM,laptop,referral,2026-04-05 03:33:29+00:00
user_00486,org_0042,GB,laptop,google,2026-02-14 05:30:41+00:00
user_00487,org_0073,SE,mobile,github,2026-08-02 15:17:44+00:00
user_00488,org_0004,AU,mobile,github,2026-06-20 06:41:46+00:00
user_00489,org_0038,CA,laptop,direct,2026-07-13 21:50:35+00:00
user_00490,org_0018,IN,desktop,google,2026-03-01 20:43:08+00:00
user_00491,org_0092,AM,laptop,organic,2026-06-24 09:36:18+00:00
user_00492,org_0077,NL,laptop,referral,2026-07-16 17:58:19+00:00
user_00493,org_0089,US,desktop,google,2026-07-28 12:19:35+00:00
user_00494,org_0077,NL,desktop,organic,2026-04-07 09:40:49+00:00
user_00495,org_0085,GB,desktop,direct,2026-08-26 22:34:19+00:00
user_00496,org_0006,BR,mobile,direct,2026-06-05 04:42:26+00:00
user_00497,org_0097,DE,laptop,organic,2026-01-05 02:18:44+00:00
user_00498,org_0013,AM,mobile,direct,2026-07-21 11:32:44+00:00
user_00499,org_0072,DE,mobile,github,2026-06-23 02:57:26+00:00
user_00500,org_0048,DE,mobile,referral,2026-07-14 08:40:45+00:00
